domain/ip,type,pdns,whois,pdns_ist,whois_ist,cert,cert_ist
academymusica.com,c2,2023-09-30 13:06:43 UTC,2023-09-29 10:09:21 UTC,2023-09-30 18:36:43 IST,2023-09-29 15:39:21 IST,,
adamsresearchshare.com,staging_php,2023-11-21 06:54:49 UTC,,2023-11-21 12:24:49 IST,,,
aroundtheworld123.net,staging_php,2018-07-17 06:49:09 UTC,,2018-07-17 12:19:09 IST,,,
autodefragapp.com,staging_php,2020-11-02 07:07:58 UTC,,2020-11-02 12:37:58 IST,,,
avahygieneheritage.com,staging_php,2023-10-31 07:49:53 UTC,,2023-10-31 13:19:53 IST,,2023-10-31 07:48:39 UTC,2023-10-31 13:18:39 IST
bafflesstudio.com,staging_php,2024-08-22 10:38:58 UTC,2024-08-22 10:38:20 UTC,2024-08-22 16:08:58 IST,2024-08-22 16:08:20 IST,2024-08-22 10:40:11 UTC,2024-08-22 16:10:11 IST
bensnewfashionstyles.com,staging_php,2022-09-23 16:15:01 UTC,,2022-09-23 21:45:01 IST,,2022-12-22 02:29:34 UTC,2022-12-22 07:59:34 IST
blitzchatlog.ddns.net,staging_php,2018-12-26 15:05:17 UTC,,2018-12-26 20:35:17 IST,,,
blucollinsoutien.com,staging_php,2025-03-11 07:39:43 UTC,2025-03-11 07:36:44 UTC,2025-03-11 13:09:43 IST,2025-03-11 13:06:44 IST,2025-03-11 07:38:45 UTC,2025-03-11 13:08:45 IST
bluelotus.mail-gdrive.com,c2,2022-10-31 09:52:58 UTC,,2022-10-31 15:22:58 IST,,,
btappclientsvc.net,c2,2019-05-30 10:38:57 UTC,,2019-05-30 16:08:57 IST,,2019-05-30 10:36:35 UTC,2019-05-30 16:06:35 IST
cdaxpropsvc.net,c2,2019-03-22 04:04:17 UTC,,2019-03-22 09:34:17 IST,,2019-03-22 04:02:10 UTC,2019-03-22 09:32:10 IST
chinatel90.com,c2,2016-04-28 16:35:54 UTC,,2016-04-28 22:05:54 IST,,,
cloudupdates.servehttp.com,staging_php,2016-05-04 06:18:57 UTC,,2016-05-04 11:48:57 IST,,,
coauthcn.com,staging_php,2022-07-23 06:46:29 UTC,2022-07-23 06:44:28 UTC,2022-07-23 12:16:29 IST,2022-07-23 12:14:28 IST,,
cogniviosphere.net,staging_php,2021-10-28 07:18:37 UTC,,2021-10-28 12:48:37 IST,,2019-10-28 14:57:39 UTC,2019-10-28 20:27:39 IST
commonlifesupport.com,staging_php,2023-11-20 07:31:02 UTC,2023-11-20 07:29:22 UTC,2023-11-20 13:01:02 IST,2023-11-20 12:59:22 IST,2023-11-20 07:29:58 UTC,2023-11-20 12:59:58 IST
creed90.com,c2,2016-04-26 17:48:58 UTC,,2016-04-26 23:18:58 IST,,,
daveonenewtestpanel.com,staging_php,2023-02-07 00:28:59 UTC,,2023-02-07 05:58:59 IST,,2023-02-07 00:28:44 UTC,2023-02-07 05:58:44 IST
deliciosoprimecare.com,staging_php,2023-10-20 12:54:50 UTC,,2023-10-20 18:24:50 IST,,2023-10-20 12:53:46 UTC,2023-10-20 18:23:46 IST
deriksystemspartens.com,c2,2022-10-31 12:50:21 UTC,,2022-10-31 18:20:21 IST,,2022-10-31 12:49:12 UTC,2022-10-31 18:19:12 IST
destiny91.com,staging_php,2016-06-28 04:42:54 UTC,,2016-06-28 10:12:54 IST,,,
devqrytoprar.net,c2,2022-09-21 12:44:47 UTC,,2022-09-21 18:14:47 IST,,,
diyefosterfeeds.com,staging_php,2022-02-02 11:16:15 UTC,,2022-02-02 16:46:15 IST,,2022-04-04 00:41:08 UTC,2022-04-04 06:11:08 IST
dnldsalecraze.com,staging_php,2022-08-17 13:21:09 UTC,,2022-08-17 18:51:09 IST,,,
dracjohnsupport.com,staging_php,2022-11-25 06:52:17 UTC,,2022-11-25 12:22:17 IST,,2023-11-25 19:52:06 UTC,2023-11-26 01:22:06 IST
ebeninstallsvc.com,staging_php,2023-10-29 10:37:48 UTC,2023-10-27 07:08:18 UTC,2023-10-29 16:07:48 IST,2023-10-27 12:38:18 IST,,
ellearningstore.com,staging_php,2022-12-17 00:39:58 UTC,,2022-12-17 06:09:58 IST,,2022-12-13 11:16:19 UTC,2022-12-13 16:46:19 IST
emshedulersvc.com,staging_php,2022-05-12 07:39:48 UTC,,2022-05-12 13:09:48 IST,,2022-05-12 07:39:25 UTC,2022-05-12 13:09:25 IST
erswuniconsharing.com,staging_php,2022-12-17 02:40:59 UTC,,2022-12-17 08:10:59 IST,,2022-12-13 11:42:17 UTC,2022-12-13 17:12:17 IST
farleysmxpph.com,staging_php,2023-03-06 07:53:37 UTC,,2023-03-06 13:23:37 IST,,2023-03-06 07:52:23 UTC,2023-03-06 13:22:23 IST
farlookclinic.com,staging_php,2023-08-11 08:49:35 UTC,,2023-08-11 14:19:35 IST,,2023-08-11 08:49:18 UTC,2023-08-11 14:19:18 IST
fizzillacottages.com,staging_php,2023-09-22 07:52:13 UTC,2023-09-22 07:51:14 UTC,2023-09-22 13:22:13 IST,2023-09-22 13:21:14 IST,2023-09-22 07:51:47 UTC,2023-09-22 13:21:47 IST
flashnewsservice.org,c2,2019-04-18 03:37:03 UTC,,2019-04-18 09:07:03 IST,,2022-12-17 07:32:47 UTC,2022-12-17 13:02:47 IST
folkmusicstreams.com,staging_php,2023-04-28 07:11:01 UTC,,2023-04-28 12:41:01 IST,,2023-04-28 07:10:39 UTC,2023-04-28 12:40:39 IST
frameworksupport.net,staging_php,2019-01-04 08:50:30 UTC,,2019-01-04 14:20:30 IST,,,
frontier89.website,c2,2016-03-13 13:14:55 UTC,,2016-03-13 18:44:55 IST,,,
goalvaidclub.com,staging_php,2024-04-08 08:55:59 UTC,,2024-04-08 14:25:59 IST,,2024-04-08 08:55:23 UTC,2024-04-08 14:25:23 IST
govsite.ddns.net,staging_php,2016-09-08 08:25:48 UTC,,2016-09-08 13:55:48 IST,,,
guppu.pk,staging_php,2021-05-22 13:31:17 UTC,,2021-05-22 19:01:17 IST,,2021-05-22 13:58:47 UTC,2021-05-22 19:28:47 IST
hallanskylarks.com,c2,2023-10-29 03:42:42 UTC,2023-10-27 07:05:19 UTC,2023-10-29 09:12:42 IST,2023-10-27 12:35:19 IST,,
headntale.com,staging_php,2022-03-06 13:19:36 UTC,,2022-03-06 18:49:36 IST,,2024-10-28 07:39:28 UTC,2024-10-28 13:09:28 IST
helpdesk.autodefragapp.com,staging_php,2021-01-19 11:12:39 UTC,,2021-01-19 16:42:39 IST,,2024-10-28 07:39:28 UTC,2024-10-28 13:09:28 IST
hewle.kielsoservice.net,staging_php,2018-11-16 06:25:18 UTC,,2018-11-16 11:55:18 IST,,2018-11-16 06:22:22 UTC,2018-11-16 11:52:22 IST
huandocimama.com,c2,2021-08-19 07:16:13 UTC,,2021-08-19 12:46:13 IST,,2022-12-21 02:56:05 UTC,2022-12-21 08:26:05 IST
info2t.com,staging_php,2010-12-22 03:18:23 UTC,,2010-12-22 08:48:23 IST,,,
inizdesignstudio.com,staging_php,2024-11-06 14:47:15 UTC,2024-11-06 11:17:28 UTC,2024-11-06 20:17:15 IST,2024-11-06 16:47:28 IST,2024-11-07 18:50:43 UTC,2024-11-08 00:20:43 IST
jacknwoods.com,staging_php,2024-10-23 10:53:34 UTC,2024-10-23 10:24:57 UTC,2024-10-23 16:23:34 IST,2024-10-23 15:54:57 IST,2024-11-07 09:26:59 UTC,2024-11-07 14:56:59 IST
jjwappconsole.com,c2,2022-11-30 18:17:26 UTC,2022-11-29 22:34:00 UTC,2022-11-30 23:47:26 IST,2022-11-30 04:04:00 IST,,
jlmusiklearn.com,staging_php,2022-12-02 09:23:10 UTC,,2022-12-02 14:53:10 IST,,2022-12-02 09:21:57 UTC,2022-12-02 14:51:57 IST
jospubs.com,staging_php,2017-11-10 10:15:59 UTC,,2017-11-10 15:45:59 IST,,,
kaatmusiclab.com,c2,2024-01-31 07:56:42 UTC,,2024-01-31 13:26:42 IST,,2025-01-30 19:48:59 UTC,2025-01-31 01:18:59 IST
kart90.website,c2,2015-12-27 14:14:41 UTC,,2015-12-27 19:44:41 IST,,,
levarisnetqlsvc.net,staging_php,2022-02-17 06:19:55 UTC,,2022-02-17 11:49:55 IST,,2022-02-17 06:18:22 UTC,2022-02-17 11:48:22 IST
locklearhealthapp.com,c2,2024-08-06 03:59:24 UTC,2024-08-06 01:31:59 UTC,2024-08-06 09:29:24 IST,2024-08-06 07:01:59 IST,2024-08-06 04:00:07 UTC,2024-08-06 09:30:07 IST
lroliviapanel.com,staging_php,2023-09-25 06:04:54 UTC,,2023-09-25 11:34:54 IST,,,
maxnursesolutions.com,staging_php,2024-06-03 10:36:09 UTC,2024-06-03 09:24:33 UTC,2024-06-03 16:06:09 IST,2024-06-03 14:54:33 IST,2024-06-03 10:34:44 UTC,2024-06-03 16:04:44 IST
mercifulnearyou.com,staging_php,2023-07-20 12:20:37 UTC,,2023-07-20 17:50:37 IST,,2023-07-23 13:00:41 UTC,2023-07-23 18:30:41 IST
micronet.no-ip.co.uk,staging_php,2016-09-28 16:00:29 UTC,,2016-09-28 21:30:29 IST,,,
mikeyourevents.com,staging_php,2023-09-29 10:01:10 UTC,,2023-09-29 15:31:10 IST,,2023-09-29 10:00:04 UTC,2023-09-29 15:30:04 IST
mirzadihatti.com,staging_php,2020-06-01 03:56:25 UTC,2020-05-30 12:45:19 UTC,2020-06-01 09:26:25 IST,2020-05-30 18:15:19 IST,,
mjhaatsmuseum.com,staging_php,2023-09-15 09:50:11 UTC,,2023-09-15 15:20:11 IST,,2024-09-30 09:47:07 UTC,2024-09-30 15:17:07 IST
mobisharestock.com,staging_php,2022-06-02 09:28:56 UTC,,2022-06-02 14:58:56 IST,,2022-06-02 09:27:42 UTC,2022-06-02 14:57:42 IST
msdata.ddns.net,c2,2023-03-25 16:13:16 UTC,,2023-03-25 21:43:16 IST,,,
mxsiclienteventlog.com,staging_php,2023-05-16 09:31:10 UTC,,2023-05-16 15:01:10 IST,,2023-05-16 09:29:56 UTC,2023-05-16 14:59:56 IST
mypicks4u.com,staging_php,2011-08-05 14:49:22 UTC,,2011-08-05 20:19:22 IST,,,
newlbfashions.com,staging_php,2023-08-10 07:29:43 UTC,2023-08-10 07:28:55 UTC,2023-08-10 12:59:43 IST,2023-08-10 12:58:55 IST,2023-08-10 07:29:28 UTC,2023-08-10 12:59:28 IST
northgenstudios.com,staging_php,2023-11-17 19:43:24 UTC,,2023-11-18 01:13:24 IST,,2023-11-17 19:42:19 UTC,2023-11-18 01:12:19 IST
novaoutletclub.com,staging_php,2022-06-18 02:27:08 UTC,,2022-06-18 07:57:08 IST,,2022-08-24 08:33:52 UTC,2022-08-24 14:03:52 IST
novasapothecary.com,staging_php,2023-04-10 23:28:32 UTC,,2023-04-11 04:58:32 IST,,2023-04-10 23:27:21 UTC,2023-04-11 04:57:21 IST
nurekleindesign.com,c2,2023-12-19 12:29:52 UTC,,2023-12-19 17:59:52 IST,,2023-12-19 12:29:42 UTC,2023-12-19 17:59:42 IST
officedocuments.info,c2,2022-06-28 12:12:57 UTC,2022-06-27 07:38:06 UTC,2022-06-28 17:42:57 IST,2022-06-27 13:08:06 IST,,
olmajhnservice.com,staging_php,2021-08-25 10:28:42 UTC,,2021-08-25 15:58:42 IST,,2021-08-25 10:27:25 UTC,2021-08-25 15:57:25 IST
onlinehealthmatters.info,staging_php,2022-12-02 09:51:09 UTC,,2022-12-02 15:21:09 IST,,2022-12-02 08:50:59 UTC,2022-12-02 14:20:59 IST
oscaralfiecansupport.com,staging_php,2023-11-22 05:33:35 UTC,,2023-11-22 11:03:35 IST,,2023-11-22 05:33:28 UTC,2023-11-22 11:03:28 IST
ottawadesignlab.com,staging_php,2024-08-25 10:53:26 UTC,2024-08-23 06:53:49 UTC,2024-08-25 16:23:26 IST,2024-08-23 12:23:49 IST,2024-09-27 07:02:13 UTC,2024-09-27 12:32:13 IST
otx.gxwxtvonline.com,staging_php,2020-09-02 07:31:13 UTC,,2020-09-02 13:01:13 IST,,,
outlook-services.ddns.net,c2,2023-07-21 05:26:35 UTC,,2023-07-21 10:56:35 IST,,,
outlook-updates.ddns.net,c2,2022-09-29 12:10:25 UTC,,2022-09-29 17:40:25 IST,,,
paulalesiastyles.com,staging_php,2023-10-19 10:42:46 UTC,,2023-10-19 16:12:46 IST,,2023-10-19 10:41:58 UTC,2023-10-19 16:11:58 IST
pdcunaco.com,staging_php,2024-07-19 00:44:46 UTC,2024-07-18 09:13:49 UTC,2024-07-19 06:14:46 IST,2024-07-18 14:43:49 IST,2024-09-25 09:15:11 UTC,2024-09-25 14:45:11 IST
phoneshieldnet.com,staging_php,2017-03-28 09:07:05 UTC,,2017-03-28 14:37:05 IST,,,
pickup.ddns.net,staging_php,2014-09-01 10:56:25 UTC,,2014-09-01 16:26:25 IST,,,
playupdateapp.serveblog.net,staging_php,2018-05-09 12:18:30 UTC,,2018-05-09 17:48:30 IST,,,
princecleanit.com,staging_php,2025-01-03 08:46:21 UTC,2025-01-02 09:57:04 UTC,2025-01-03 14:16:21 IST,2025-01-02 15:27:04 IST,2025-01-02 10:00:00 UTC,2025-01-02 15:30:00 IST
queryz4u.com,staging_php,2015-02-01 17:43:12 UTC,,2015-02-01 23:13:12 IST,,,
ranadey.net78.net,staging_php,2014-09-24 04:48:32 UTC,,2014-09-24 10:18:32 IST,,,
regerotaruclub.com,staging_php,2024-08-29 10:27:53 UTC,2024-08-29 10:00:41 UTC,2024-08-29 15:57:53 IST,2024-08-29 15:30:41 IST,2024-11-03 02:31:44 UTC,2024-11-03 08:01:44 IST
reloadguide71.com,c2,2016-04-22 10:00:51 UTC,,2016-04-22 15:30:51 IST,,,
rusjamystarapp.com,staging_php,2022-10-31 18:53:28 UTC,,2022-11-01 00:23:28 IST,,2022-10-31 18:52:21 UTC,2022-11-01 00:22:21 IST
samsnewlooker.com,c2,2024-08-31 08:04:42 UTC,2024-08-28 10:40:35 UTC,2024-08-31 13:34:42 IST,2024-08-28 16:10:35 IST,,
spiralbook71.com,staging_php,2016-01-19 11:26:26 UTC,,2016-01-19 16:56:26 IST,,,
sporcketngearforu.com,c2,2024-05-24 11:04:52 UTC,2024-05-24 07:29:09 UTC,2024-05-24 16:34:52 IST,2024-05-24 12:59:09 IST,2024-05-24 11:04:27 UTC,2024-05-24 16:34:27 IST
svc2mcxwave.net,staging_php,2019-11-24 09:10:37 UTC,,2019-11-24 14:40:37 IST,,,
thenewmusictunes.com,staging_php,2023-04-24 08:31:43 UTC,,2023-04-24 14:01:43 IST,,2023-04-24 08:31:29 UTC,2023-04-24 14:01:29 IST
tomcruefrshsvc.com,staging_php,2021-10-06 11:15:35 UTC,,2021-10-06 16:45:35 IST,,2021-10-28 09:40:23 UTC,2021-10-28 15:10:23 IST
traxbin.com,c2,2016-12-23 12:56:45 UTC,,2016-12-23 18:26:45 IST,,,
trkswqsservice.com,staging_php,2024-10-03 11:43:31 UTC,2024-10-03 11:42:52 UTC,2024-10-03 17:13:31 IST,2024-10-03 17:12:52 IST,2024-10-03 11:44:53 UTC,2024-10-03 17:14:53 IST
updateservice.redirectme.net,staging_php,2016-10-10 17:03:53 UTC,,2016-10-10 22:33:53 IST,,,
updnangelgroup.com,staging_php,2022-09-15 13:43:43 UTC,,2022-09-15 19:13:43 IST,,2022-09-15 13:43:29 UTC,2022-09-15 19:13:29 IST
upulllogistics.com,staging_php,2023-11-17 06:58:32 UTC,,2023-11-17 12:28:32 IST,,2023-11-17 06:58:24 UTC,2023-11-17 12:28:24 IST
urocakpmpanel.com,staging_php,2021-10-01 21:53:20 UTC,,2021-10-02 03:23:20 IST,,2022-02-21 10:05:48 UTC,2022-02-21 15:35:48 IST
utizviewstation.com,staging_php,2025-01-03 11:34:43 UTC,2025-01-03 09:01:26 UTC,2025-01-03 17:04:43 IST,2025-01-03 14:31:26 IST,2025-01-06 10:46:55 UTC,2025-01-06 16:16:55 IST
uxmesysconsole.com,c2,2023-03-26 04:24:51 UTC,2023-03-24 10:01:37 UTC,2023-03-26 09:54:51 IST,2023-03-24 15:31:37 IST,,
v3solutions4all.com,c2,2018-12-28 05:24:44 UTC,,2018-12-28 10:54:44 IST,,2018-12-28 05:22:21 UTC,2018-12-28 10:52:21 IST
viyoappmapper.com,c2,2024-01-19 05:43:12 UTC,,2024-01-19 11:13:12 IST,,,
vsetmediasvc.com,c2,2022-07-22 11:20:12 UTC,2022-07-20 04:35:15 UTC,2022-07-22 16:50:12 IST,2022-07-20 10:05:15 IST,,
w32timeslicesvc.net,staging_php,2020-12-24 13:48:02 UTC,,2020-12-24 19:18:02 IST,,2020-12-24 13:47:45 UTC,2020-12-24 19:17:45 IST
wangluojiumingjingli.org,c2,2019-04-16 13:03:36 UTC,,2019-04-16 18:33:36 IST,,2019-04-16 13:01:07 UTC,2019-04-16 18:31:07 IST
wbfashionshow.com,staging_php,2022-11-09 05:47:36 UTC,,2022-11-09 11:17:36 IST,,2022-11-09 05:47:25 UTC,2022-11-09 11:17:25 IST
wcnsappword.com,staging_php,2022-09-15 06:41:43 UTC,,2022-09-15 12:11:43 IST,,2022-09-15 06:41:19 UTC,2022-09-15 12:11:19 IST
wdisvcnotifyhost.com,c2,2020-10-13 12:09:17 UTC,,2020-10-13 17:39:17 IST,,2020-10-13 12:07:12 UTC,2020-10-13 17:37:12 IST
webmailcgwip.com,staging_php,2020-07-23 21:35:21 UTC,,2020-07-24 03:05:21 IST,,2020-07-23 21:33:31 UTC,2020-07-24 03:03:31 IST
wester.website,c2,2016-09-10 12:24:16 UTC,,2016-09-10 17:54:16 IST,,,
winlocsec.ddns.net,staging_php,2019-07-19 05:10:26 UTC,,2019-07-19 10:40:26 IST,,,
winmanagerservice.net,c2,2018-11-21 09:26:15 UTC,,2018-11-21 14:56:15 IST,,,
winmanagerservice.org,c2,2019-02-20 04:43:27 UTC,,2019-02-20 10:13:27 IST,,2019-02-20 04:41:45 UTC,2019-02-20 10:11:45 IST
wmiapcservice.com,c2,2024-08-26 01:20:18 UTC,2024-08-23 06:25:10 UTC,2024-08-26 06:50:18 IST,2024-08-23 11:55:10 IST,,
woodstocktutors.com,staging_php,2013-05-07 05:18:44 UTC,,2013-05-07 10:48:44 IST,,2025-04-04 07:07:15 UTC,2025-04-04 12:37:15 IST
xiovo416.net,c2,2018-09-10 12:01:17 UTC,,2018-09-10 17:31:17 IST,,2018-09-10 11:59:27 UTC,2018-09-10 17:29:27 IST
xiuxonlinehost.com,staging_php,2023-05-30 01:29:23 UTC,,2023-05-30 06:59:23 IST,,2023-05-30 01:29:05 UTC,2023-05-30 06:59:05 IST
youxiangxiezhu.com,staging_php,2020-11-17 09:57:57 UTC,,2020-11-17 15:27:57 IST,,,
